WHOREGION,FLUSEASON,HEMISPHERE,ITZ,COUNTRY_CODE,COUNTRY_AREA_TERRITORY,ISO_WEEKSTARTDATE,ISO_YEAR,ISO_WEEK,MMWR_WEEKSTARTDATE,MMWR_YEAR,MMWR_WEEK,ORIGIN_SOURCE,SPEC_PROCESSED_NB,SPEC_RECEIVED_NB,AH1N12009,AH1,AH3,AH5,AH7N9,ANOTSUBTYPED,ANOTSUBTYPABLE,AOTHER_SUBTYPE,AOTHER_SUBTYPE_DETAILS,INF_A,BVIC_2DEL,BVIC_3DEL,BVIC_NODEL,BVIC_DELUNK,BYAM,BNOTDETERMINED,INF_B,INF_ALL,INF_NEGATIVE,ILI_ACTIVITY,ADENO,BOCA,HUMAN_CORONA,METAPNEUMO,PARAINFLUENZA,RHINO,RSV,OTHERRESPVIRUS,OTHER_RESPVIRUS_DETAILS,LAB_RESULT_COMMENT,WCR_COMMENT,ISO2,ISOYW,MMWRYW
EUR,NH,NH,FLU_SW_EUR,BIH,Bosnia and Herzegovina,7/11/2011,2011,45,6/11/2011,2011,45,NOTDEFINED,0.0,,0.0,0.0,0.0,,,0.0,,,,0.0,,,0.0,,0.0,0.0,0.0,,,1.0,,,,,,,,,RSV,?????,?????,BA,201145,201145
AMR,YR,NH,FLU_CNT_AMC,SLV,El Salvador,1/05/2023,2023,18,30/04/2023,2023,18,NONSENTINEL,0.0,,0.0,0.0,0.0,,,0.0,0.0,,,0.0,0.0,0.0,0.0,0.0,0.0,0.0,0.0,,0.0,,0.0,0.0,0.0,0.0,0.0,0.0,0.0,0.0,,,,SV,202318,202318
AFR,YR,NH,FLU_MID_AFR,SSD,South Sudan,8/11/2021,2021,45,7/11/2021,2021,45,NOTDEFINED,5.0,5.0,0.0,,0.0,0.0,0.0,0.0,0.0,0.0,,0.0,,,0.0,,0.0,0.0,0.0,,5.0,1.0,,,,,,,,0.0,,,,SS,202145,202145
EUR,NH,NH,FLU_EST_EUR,UKR,Ukraine,21/04/2014,2014,17,20/04/2014,2014,17,SENTINEL,3.0,,0.0,0.0,0.0,,,0.0,,,,0.0,,,0.0,,0.0,0.0,0.0,,,,,,,,,,0.0,,,,,UA,201417,201417
EUR,NH,NH,FLU_EST_EUR,CZE,Czechia,23/02/2015,2015,9,22/02/2015,2015,8,SENTINEL,20.0,,0.0,0.0,7.0,,,0.0,,,,7.0,,,0.0,,0.0,6.0,6.0,13.0,,,,,,,,,0.0,,,,,CZ,201509,201508
EUR,NH,NH,FLU_NTH_EUR,X09,"United Kingdom, England",12/06/2000,2000,24,11/06/2000,2000,24,NOTDEFINED,0.0,,,0.0,0.0,,,0.0,,,,0.0,,,,,,0.0,0.0,,,2.0,,,,,,,,,,,,XE,200024,200024
EUR,NH,NH,FLU_SW_EUR,FRA,France,12/01/2015,2015,3,11/01/2015,2015,2,SENTINEL,159.0,,23.0,0.0,63.0,,,0.0,,,,86.0,,,0.0,,0.0,14.0,14.0,100.0,,,,,,,,,9.0,,,,,FR,201503,201502
EUR,NH,NH,FLU_CNT_ASIA,TKM,Turkmenistan,29/10/2018,2018,44,28/10/2018,2018,44,SENTINEL,2.0,,0.0,0.0,0.0,,,0.0,,,,0.0,,,0.0,,0.0,0.0,0.0,,,,,,,,,,0.0,,,,,TM,201844,201844
EUR,NH,NH,FLU_WST_ASIA,AZE,Azerbaijan,31/07/2017,2017,31,30/07/2017,2017,31,SENTINEL,0.0,,0.0,0.0,0.0,,,0.0,,,,0.0,,,0.0,,0.0,0.0,0.0,,,,,,,,,,0.0,,,,,AZ,201731,201731
AMR,YR,NH,FLU_CNT_AMC,BLZ,Belize,23/11/2020,2020,48,22/11/2020,2020,48,SENTINEL,0.0,,,,,,,,,,,,,,,,,,,,0.0,,,,,,,,,,,,,BZ,202048,202048
WPR,YR,NH,FLU_SE_ASIA,LAO,Lao People's Democratic Republic,27/06/2016,2016,26,26/06/2016,2016,26,NOTDEFINED,72.0,72.0,1.0,,1.0,0.0,0.0,0.0,,,,2.0,,,1.0,,0.0,1.0,2.0,4.0,68.0,,,,,,,,,,,,,LA,201626,201626
EUR,NH,NH,FLU_SW_EUR,BIH,Bosnia and Herzegovina,23/12/2013,2013,52,22/12/2013,2013,52,NOTDEFINED,3.0,,0.0,0.0,0.0,,,0.0,,,,0.0,,,0.0,,0.0,0.0,0.0,,,2.0,,,,,,,,,RSV,,,BA,201352,201352
AMR,YR,SH,FLU_TRP_SAMR,BOL,Bolivia (Plurinational State of),11/01/2016,2016,2,10/01/2016,2016,2,NOTDEFINED,52.0,,3.0,0.0,9.0,,,0.0,0.0,,,12.0,,,0.0,,0.0,0.0,0.0,12.0,37.0,,0.0,0.0,0.0,0.0,1.0,0.0,2.0,0.0,,,,BO,201602,201602
EUR,NH,NH,FLU_WST_ASIA,GEO,Georgia,25/01/2021,2021,4,24/01/2021,2021,4,NONSENTINEL,4.0,,,,,,,,,,,,,,,,,,,,,,,,,,,,,,,,,GE,202104,202104
EUR,NH,NH,FLU_SW_EUR,ITA,Italy,10/11/1997,1997,46,9/11/1997,1997,46,NOTDEFINED,,,,,,,,,,,,,,,,,,,,,,2.0,,,,,,,,,,,,IT,199746,199746
EUR,NH,NH,FLU_NTH_EUR,LVA,Latvia,22/05/2017,2017,21,21/05/2017,2017,21,SENTINEL,0.0,,0.0,0.0,0.0,,,0.0,,,,0.0,,,0.0,,0.0,0.0,0.0,,,,,,,,,,0.0,,,,,LV,201721,201721
AFR,YR,SH,FLU_EST_AFR,MDG,Madagascar,22/03/2004,2004,13,21/03/2004,2004,12,NOTDEFINED,14.0,,,0.0,1.0,,,0.0,,,,1.0,,,,,,0.0,0.0,1.0,,4.0,,,,,,,,,,,17% of ILI in a health center of Antananarivo city,MG,200413,200412
AFR,YR,NH,FLU_WST_AFR,SLE,Sierra Leone,21/02/2022,2022,8,20/02/2022,2022,8,SENTINEL,0.0,0.0,0.0,,0.0,0.0,0.0,0.0,,0.0,,,,,0.0,,0.0,0.0,0.0,,0.0,,,,,,,,,,,,,SL,202208,202208
EMR,YR,NH,FLU_STH_ASIA,AFG,Afghanistan,22/06/2020,2020,26,21/06/2020,2020,26,NOTDEFINED,0.0,0.0,0.0,,0.0,0.0,0.0,0.0,,0.0,0,0.0,,,0.0,,0.0,0.0,0.0,,0.0,,0.0,0.0,0.0,0.0,0.0,0.0,0.0,0.0,0,0,,AF,202026,202026
SEAR,YR,NH,FLU_STH_ASIA,BGD,Bangladesh,31/12/2012,2013,1,30/12/2012,2013,1,NOTDEFINED,82.0,82.0,2.0,0.0,0.0,0.0,,0.0,,0.0,,2.0,,,0.0,,0.0,0.0,0.0,2.0,,2.0,,,,,,,,,,,,BD,201301,201301
WPR,YR,NH,FLU_EST_ASIA,CHN,China,20/08/2012,2012,34,19/08/2012,2012,34,NOTDEFINED,2153.0,2872.0,0.0,0.0,317.0,0.0,,21.0,,0.0,,338.0,,,1.0,,0.0,13.0,14.0,352.0,,4.0,,,,,,,,,,,"ILI% in south of China in this week????3.20%                                           
ILI% in north of China in this week????3.56%",CN,201234,201234
SEAR,YR,NH,FLU_STH_ASIA,IND,India,5/12/2011,2011,49,4/12/2011,2011,49,NOTDEFINED,208.0,208.0,0.0,0.0,14.0,0.0,,0.0,,0.0,,14.0,,,0.0,,0.0,14.0,14.0,28.0,,3.0,,,,,,,,,,,,IN,201149,201149
SEAR,YR,NH,FLU_STH_ASIA,LKA,Sri Lanka,28/09/2015,2015,40,27/09/2015,2015,39,NOTDEFINED,43.0,43.0,0.0,0.0,0.0,0.0,,0.0,,0.0,,0.0,,,0.0,,0.0,1.0,1.0,1.0,,3.0,,,,,,,,,,,,LK,201540,201539
SEAR,YR,NH,FLU_STH_ASIA,LKA,Sri Lanka,12/09/2011,2011,37,11/09/2011,2011,37,NOTDEFINED,85.0,85.0,1.0,0.0,1.0,0.0,,3.0,,0.0,,5.0,,,0.0,,0.0,2.0,2.0,7.0,,3.0,,,,,,,,,RSV,,,LK,201137,201137
AMR,YR,NH,FLU_CNT_AMC,MEX,Mexico,28/03/2022,2022,13,27/03/2022,2022,13,NONSENTINEL,0.0,,,,,,,,,,,0.0,,,,,,,0.0,,0.0,,,,,,,,,,,,,MX,202213,202213
AMR,SH,SH,FLU_TEMP_SAMR,URY,Uruguay,5/11/2018,2018,45,4/11/2018,2018,45,NOTDEFINED,7.0,,0.0,0.0,0.0,,,0.0,0.0,,,0.0,,,0.0,,0.0,0.0,0.0,,7.0,,0.0,0.0,0.0,0.0,0.0,0.0,0.0,0.0,,,,UY,201845,201845
AFR,YR,NH,FLU_WST_AFR,BFA,Burkina Faso,4/11/2013,2013,45,3/11/2013,2013,45,NOTDEFINED,14.0,14.0,0.0,0.0,2.0,0.0,,0.0,,0.0,,2.0,,,0.0,,0.0,0.0,0.0,2.0,,1.0,,,,,,,,,,,,BF,201345,201345
WPR,YR,NH,FLU_EST_ASIA,CHN,China,23/11/2015,2015,48,22/11/2015,2015,47,NOTDEFINED,8508.0,10194.0,21.0,0.0,133.0,0.0,0.0,0.0,,0.0,,154.0,,,16.0,,80.0,26.0,122.0,276.0,8232.0,3.0,,,,,,,,,,,ILI% in south of China in this week???2.56%???ILI% in north of China in this week???2.59%                                    ,CN,201548,201547
EUR,NH,NH,FLU_CNT_ASIA,KAZ,Kazakhstan,22/06/2015,2015,26,21/06/2015,2015,25,NONSENTINEL,9.0,,0.0,0.0,0.0,,,0.0,,,,0.0,,,0.0,,0.0,0.0,0.0,,,,,,,,,,0.0,,,,,KZ,201526,201525
EMR,YR,NH,FLU_STH_ASIA,PAK,Pakistan,16/06/2014,2014,25,15/06/2014,2014,25,NOTDEFINED,22.0,22.0,0.0,0.0,0.0,0.0,,0.0,,0.0,,0.0,,,0.0,,0.0,0.0,0.0,,,2.0,,,,,,,,,,,,PK,201425,201425
AMR,YR,NH,FLU_CNT_AMC,DOM,Dominican Republic,21/03/2016,2016,12,20/03/2016,2016,12,NOTDEFINED,114.0,,27.0,0.0,2.0,,,0.0,0.0,,,29.0,,,4.0,,9.0,0.0,13.0,42.0,71.0,,0.0,0.0,0.0,0.0,0.0,0.0,1.0,0.0,,,,DO,201612,201612
WPR,NH,NH,FLU_EST_ASIA,JPN,Japan,20/07/2020,2020,30,19/07/2020,2020,30,SENTINEL,,,0.0,0.0,0.0,0.0,0.0,0.0,,0.0,0,0.0,,,0.0,,0.0,0.0,0.0,,2266.0,2.0,8.0,1.0,1.0,1.0,0.0,16.0,0.0,,,,,JP,202030,202030
WPR,YR,NH,FLU_EST_ASIA,CHN,China,23/03/2015,2015,13,22/03/2015,2015,12,NOTDEFINED,8803.0,10573.0,3.0,0.0,181.0,0.0,,1.0,,0.0,,185.0,,,22.0,,774.0,251.0,1047.0,1232.0,,4.0,,,,,,,,,,,"ILI% in south of China in this week????2.80%                                       
ILI% in north of China in this week????2.61%",CN,201513,201512
EMR,NH,NH,FLU_NRT_AFR,MAR,Morocco,22/12/2008,2008,52,21/12/2008,2008,52,NOTDEFINED,148.0,,,3.0,1.0,,,,,,,4.0,,,,,,0.0,0.0,4.0,,1.0,,,,,,,,,,,,MA,200852,200852
SEAR,NH,NH,FLU_EST_ASIA,PRK,Democratic People's Republic of Korea,1/05/2023,2023,18,30/04/2023,2023,18,NOTDEFINED,37.0,37.0,8.0,,0.0,0.0,0.0,,,,,8.0,,,,,,0.0,0.0,8.0,29.0,,,,,,,,,,,,,KP,202318,202318
SEAR,YR,SH,FLU_SE_ASIA,IDN,Indonesia,9/09/2013,2013,37,8/09/2013,2013,37,NOTDEFINED,95.0,95.0,1.0,0.0,1.0,0.0,,0.0,,0.0,,2.0,,,0.0,,0.0,2.0,2.0,4.0,,3.0,,,,,,,,,,,,ID,201337,201337
AMR,SH,SH,FLU_TEMP_SAMR,ARG,Argentina,31/01/2000,2000,5,30/01/2000,2000,5,NOTDEFINED,1.0,,,,,,,0.0,,,,0.0,,,,,,0.0,0.0,,,2.0,,,,,,,,,,,no activity,AR,200005,200005
SEAR,YR,NH,FLU_STH_ASIA,IND,India,9/10/2000,2000,41,8/10/2000,2000,41,NOTDEFINED,2.0,,,0.0,0.0,,,0.0,,,,0.0,,,,,,0.0,0.0,,,3.0,,,,,,,,,,,sporadic activity,IN,200041,200041
EUR,NH,NH,FLU_SW_EUR,PRT,Portugal,18/04/2016,2016,16,17/04/2016,2016,16,NONSENTINEL,177.0,,4.0,0.0,1.0,,,2.0,,,,7.0,,,3.0,,1.0,22.0,26.0,33.0,,,,,,,,,1.0,,,,,PT,201616,201616
EUR,NH,NH,FLU_EST_EUR,SVK,Slovakia,12/03/2018,2018,11,11/03/2018,2018,11,NONSENTINEL,77.0,,1.0,0.0,0.0,,,0.0,,,,1.0,,,0.0,,6.0,12.0,18.0,19.0,,,,,,,,,0.0,,,,,SK,201811,201811
AMR,NH,NH,FLU_NRT_AMR,USA,United States of America,27/08/2018,2018,35,26/08/2018,2018,35,SENTINEL,258.0,258.0,10.0,,6.0,,,0.0,,,,16.0,,,0.0,,2.0,0.0,2.0,18.0,240.0,,,,,,,,,,,,,US,201835,201835
AMR,YR,NH,FLU_CNT_AMC,DOM,Dominican Republic,7/04/2014,2014,15,6/04/2014,2014,15,NOTDEFINED,28.0,,0.0,0.0,0.0,,,0.0,,,,0.0,,,0.0,,0.0,0.0,0.0,,,1.0,,,,,,,,,Other,,,DO,201415,201415
AMR,YR,NH,FLU_CNT_AMC,CUB,Cuba,15/06/2015,2015,25,14/06/2015,2015,24,NOTDEFINED,77.0,,11.0,0.0,0.0,,,0.0,0.0,,,11.0,,,0.0,,0.0,1.0,1.0,12.0,35.0,,0.0,1.0,0.0,0.0,16.0,9.0,3.0,1.0,Other,,,CU,201525,201524
EUR,NH,NH,FLU_NTH_EUR,DNK,Denmark,23/04/2018,2018,17,22/04/2018,2018,17,NONSENTINEL,927.0,,6.0,0.0,12.0,,,27.0,,,,45.0,,,0.0,,3.0,12.0,15.0,60.0,,,,,,,,,27.0,,,,,DK,201817,201817
EUR,NH,NH,FLU_NTH_EUR,EST,Estonia,24/04/2023,2023,17,23/04/2023,2023,17,SENTINEL,17.0,,0.0,,0.0,0.0,,0.0,,,,0.0,,,5.0,,0.0,1.0,6.0,6.0,,,,,,,,,0.0,,,,,EE,202317,202317
AMR,YR,NH,FLU_CNT_AMC,GTM,Guatemala,24/04/2023,2023,17,23/04/2023,2023,17,SENTINEL,37.0,,1.0,0.0,1.0,,,1.0,0.0,,,3.0,0.0,0.0,1.0,1.0,0.0,0.0,1.0,4.0,33.0,,1.0,0.0,1.0,0.0,6.0,8.0,6.0,3.0,,,,GT,202317,202317
AFR,YR,NH,FLU_EST_AFR,KEN,Kenya,4/08/2008,2008,32,3/08/2008,2008,32,NOTDEFINED,219.0,,,0.0,9.0,,,5.0,,,,14.0,,,0.0,,7.0,5.0,12.0,26.0,,3.0,,,,,,,,,,,,KE,200832,200832
WPR,SH,SH,FLU_OCE_MEL_POL,NCL,New Caledonia,10/07/2017,2017,28,9/07/2017,2017,28,NOTDEFINED,19.0,19.0,0.0,,0.0,0.0,0.0,0.0,,0.0,,0.0,,,0.0,,1.0,0.0,1.0,1.0,18.0,3.0,,,,,,,,,,,,NC,201728,201728
EUR,NH,NH,FLU_NTH_EUR,X10,"United Kingdom, Wales",17/08/2015,2015,34,16/08/2015,2015,33,SENTINEL,0.0,,0.0,0.0,0.0,,,0.0,,,,0.0,,,0.0,,0.0,0.0,0.0,,,,,,,,,,0.0,,,,,XW,201534,201533
AMR,YR,NH,FLU_TRP_SAMR,GUF,French Guiana,19/03/2012,2012,12,18/03/2012,2012,12,NOTDEFINED,5.0,5.0,4.0,0.0,0.0,0.0,,0.0,,0.0,,4.0,,,0.0,,0.0,0.0,0.0,4.0,,1.0,,,,,,,,,,,,GF,201212,201212
WPR,YR,NH,FLU_SE_ASIA,VNM,Viet Nam,23/08/2010,2010,34,22/08/2010,2010,34,NOTDEFINED,110.0,,1.0,,52.0,,,,,,,53.0,,,,,,3.0,3.0,56.0,,1.0,,,,,,,,,,,,VN,201034,201034
EUR,NH,NH,FLU_SW_EUR,BEL,Belgium,26/07/2021,2021,30,25/07/2021,2021,30,NONSENTINEL,0.0,,,,,,,,,,,0.0,,,,,,,0.0,,,,,,,,,,,,,,,BE,202130,202130
AMR,YR,NH,FLU_CNT_AMC,JAM,Jamaica,6/09/2021,2021,36,5/09/2021,2021,36,SENTINEL,0.0,,0.0,0.0,0.0,,,0.0,0.0,,,0.0,0.0,0.0,0.0,0.0,0.0,0.0,0.0,,0.0,,,,,,,,,,,,,JM,202136,202136
EUR,NH,NH,FLU_EST_EUR,RUS,Russian Federation,29/01/2024,2024,5,28/01/2024,2024,5,NONSENTINEL,13088.0,,1.0,,904.0,,,1619.0,,,,2524.0,,,,,,26.0,26.0,2550.0,,,,,,,,,574.0,,,,,RU,202405,202405
EUR,NH,NH,FLU_SW_EUR,SVN,Slovenia,18/12/2023,2023,51,17/12/2023,2023,51,SENTINEL,54.0,,3.0,,5.0,0.0,,0.0,,,,8.0,,,1.0,,0.0,0.0,1.0,9.0,,,,,,,,,7.0,,,,,SI,202351,202351
EMR,NH,NH,FLU_NRT_AFR,TUN,Tunisia,17/11/2014,2014,47,16/11/2014,2014,47,NOTDEFINED,26.0,26.0,0.0,0.0,0.0,0.0,,0.0,,0.0,,0.0,,,0.0,,0.0,1.0,1.0,1.0,,3.0,,,,,,,,,rhinovirus,,,TN,201447,201447
AMR,YR,SH,FLU_TRP_SAMR,BOL,Bolivia (Plurinational State of),18/07/2011,2011,29,17/07/2011,2011,29,NOTDEFINED,26.0,,2.0,0.0,3.0,,,0.0,,,,5.0,,,,,,0.0,0.0,5.0,,1.0,,,,,,,,,Parainfluenza,,,BO,201129,201129
AMR,YR,NH,FLU_CNT_AMC,MEX,Mexico,1/06/2020,2020,23,31/05/2020,2020,23,NONSENTINEL,0.0,,,,,,,,,,,,,,,,,,,,0.0,,,,,,,,,,,,,MX,202023,202023
WPR,YR,NH,FLU_SE_ASIA,PHL,Philippines,29/07/2002,2002,31,28/07/2002,2002,31,NOTDEFINED,21.0,,,0.0,1.0,,,10.0,,,,11.0,,,,,,0.0,0.0,11.0,,3.0,,,,,,,,,Adenovirus,,,PH,200231,200231
EUR,NH,NH,FLU_EST_EUR,ROU,Romania,26/10/2015,2015,44,25/10/2015,2015,43,NONSENTINEL,5.0,,0.0,0.0,0.0,,,0.0,,,,0.0,,,0.0,,0.0,0.0,0.0,,,,,,,,,,0.0,,,,,RO,201544,201543
AFR,YR,NH,FLU_WST_AFR,SEN,Senegal,16/12/2013,2013,51,15/12/2013,2013,51,NOTDEFINED,19.0,19.0,1.0,0.0,0.0,0.0,,0.0,,0.0,,1.0,,,0.0,,0.0,0.0,0.0,1.0,,1.0,,,,,,,,,9adeno 7entero 16rhino 6boca 1coronaoc43 2vrsa,,,SN,201351,201351
EUR,NH,NH,FLU_NTH_EUR,SWE,Sweden,9/10/2017,2017,41,8/10/2017,2017,41,SENTINEL,18.0,,0.0,0.0,0.0,,,0.0,,,,0.0,,,0.0,,0.0,0.0,0.0,,,,,,,,,,0.0,,,,,SE,201741,201741
AFR,YR,NH,FLU_EST_AFR,UGA,Uganda,22/08/2022,2022,34,21/08/2022,2022,34,SENTINEL,226.0,226.0,1.0,,0.0,0.0,0.0,0.0,,0.0,,1.0,,,0.0,,,0.0,0.0,1.0,225.0,,,,,,,,0.0,,,,,UG,202234,202234
EUR,NH,NH,FLU_NTH_EUR,FIN,Finland,29/05/2023,2023,22,28/05/2023,2023,22,NONSENTINEL,0.0,,0.0,,0.0,0.0,,0.0,,,,0.0,,,0.0,,0.0,0.0,0.0,,,,,,,,,,0.0,,,,,FI,202322,202322
EUR,NH,NH,FLU_CNT_ASIA,KGZ,Kyrgyzstan,28/11/2022,2022,48,27/11/2022,2022,48,SENTINEL,55.0,,12.0,,,,,,,,,12.0,,,,,,13.0,13.0,25.0,,,,,,,,,,,,,,KG,202248,202248
EUR,NH,NH,FLU_NTH_EUR,LVA,Latvia,10/06/2013,2013,24,9/06/2013,2013,24,NOTDEFINED,45.0,,0.0,0.0,0.0,,,0.0,,,,0.0,,,0.0,,0.0,0.0,0.0,,,1.0,,,,,,,0.0,,RSV,,,LV,201324,201324
EUR,NH,NH,FLU_EST_EUR,ROU,Romania,16/11/2015,2015,47,15/11/2015,2015,46,SENTINEL,5.0,,0.0,0.0,0.0,,,0.0,,,,0.0,,,0.0,,0.0,0.0,0.0,,,,,,,,,,0.0,,,,,RO,201547,201546
AMR,YR,NH,FLU_TRP_SAMR,SUR,Suriname,3/01/2022,2022,1,2/01/2022,2022,1,NONSENTINEL,0.0,,0.0,0.0,0.0,,,0.0,0.0,,,0.0,,,0.0,0.0,0.0,0.0,0.0,,0.0,,0.0,0.0,0.0,0.0,0.0,0.0,0.0,0.0,,,,SR,202201,202201
EUR,NH,NH,FLU_EST_EUR,BLR,Belarus,15/05/2023,2023,20,14/05/2023,2023,20,NONSENTINEL,0.0,,,,,,,,,,,,,,,,,,,,,,,,,,,,,,,,,BY,202320,202320
EUR,NH,NH,FLU_EST_EUR,UKR,Ukraine,3/06/2013,2013,23,2/06/2013,2013,23,NOTDEFINED,15.0,,0.0,0.0,0.0,,,4.0,,,,4.0,,,0.0,,0.0,0.0,0.0,4.0,,,,,,,,,0.0,,,,,UA,201323,201323
EUR,NH,NH,FLU_NTH_EUR,ISL,Iceland,17/04/2023,2023,16,16/04/2023,2023,16,SENTINEL,0.0,,,,,,,,,,,,,,,,,,,,,,,,,,,,,,,,,IS,202316,202316
AFR,YR,SH,FLU_EST_AFR,MUS,Mauritius,10/04/2023,2023,15,9/04/2023,2023,15,NOTDEFINED,109.0,109.0,0.0,,0.0,0.0,0.0,0.0,,0.0,,,,,3.0,,0.0,0.0,3.0,3.0,106.0,,0.0,,,,,,3.0,3.0,,,,MU,202315,202315
AFR,YR,SH,FLU_EST_AFR,RWA,Rwanda,19/06/2023,2023,25,18/06/2023,2023,25,SENTINEL,12.0,,1.0,,0.0,0.0,0.0,0.0,,,,1.0,,,0.0,,0.0,0.0,0.0,1.0,11.0,,,,,,,,,,,,,RW,202325,202325
AFR,YR,NH,FLU_WST_AFR,CIV,C??te d'Ivoire,6/05/2013,2013,19,5/05/2013,2013,19,NOTDEFINED,31.0,31.0,0.0,0.0,0.0,0.0,,0.0,,0.0,,0.0,,,0.0,,0.0,3.0,3.0,3.0,,3.0,,,,,,,,,"Parainfluenza virus 4=1, Parainfluenza virus 3=1, Respiratory Syncytial Virus=1, Corononavirus229E=4, Coronavirus OC43=1",,,CI,201319,201319
AFR,YR,NH,FLU_WST_AFR,GHA,Ghana,20/05/2024,2024,21,19/05/2024,2024,21,SENTINEL,173.0,173.0,0.0,,9.0,0.0,0.0,0.0,,0.0,,9.0,,,4.0,,0.0,0.0,4.0,13.0,160.0,,,,,,,,,,,,,GH,202421,202421
SEAR,YR,NH,FLU_STH_ASIA,BGD,Bangladesh,7/07/2014,2014,28,6/07/2014,2014,28,NOTDEFINED,88.0,88.0,0.0,0.0,21.0,0.0,,0.0,,0.0,,21.0,,,0.0,,0.0,18.0,18.0,39.0,,6.0,,,,,,,,,"HPIV3, Adeno, RSV",,,BD,201428,201428
AFR,YR,SH,FLU_MID_AFR,COD,Democratic Republic of the Congo,15/02/2010,2010,7,14/02/2010,2010,7,NOTDEFINED,48.0,48.0,0.0,0.0,10.0,0.0,,0.0,,0.0,,10.0,,,0.0,,0.0,0.0,0.0,10.0,,1.0,,,,,,,,,,,,CD,201007,201007
EUR,NH,NH,FLU_SW_EUR,MLT,Malta,12/12/2016,2016,50,11/12/2016,2016,50,NONSENTINEL,80.0,,0.0,0.0,1.0,,,0.0,,,,1.0,,,0.0,,0.0,0.0,0.0,1.0,,,,,,,,,11.0,,,,,MT,201650,201650
AMR,YR,NH,FLU_CNT_AMC,HND,Honduras,16/01/2012,2012,3,15/01/2012,2012,3,NOTDEFINED,22.0,23.0,1.0,0.0,0.0,0.0,,0.0,,0.0,,1.0,,,0.0,,0.0,0.0,0.0,1.0,,3.0,,,,,,,,,PIV3=1,,,HN,201203,201203
EUR,NH,NH,FLU_NTH_EUR,X11,"United Kingdom, Northern Ireland",18/07/2016,2016,29,17/07/2016,2016,29,SENTINEL,1.0,,0.0,0.0,0.0,,,0.0,,,,0.0,,,0.0,,0.0,0.0,0.0,,,,,,,,,,0.0,,,,,XI,201629,201629
EUR,NH,NH,FLU_SW_EUR,NLD,Netherlands (Kingdom of the),3/08/2015,2015,32,2/08/2015,2015,31,SENTINEL,1.0,,0.0,0.0,1.0,,,0.0,,,,1.0,,,0.0,,0.0,0.0,0.0,1.0,,,,,,,,,0.0,,,,,NL,201532,201531
AFR,YR,SH,FLU_EST_AFR,TZA,United Republic of Tanzania,28/09/2009,2009,40,27/09/2009,2009,40,NOTDEFINED,94.0,94.0,30.0,1.0,0.0,0.0,,0.0,,0.0,,31.0,,,0.0,,0.0,0.0,0.0,31.0,,4.0,,,,,,,,,,,,TZ,200940,200940
AFR,YR,NH,FLU_MID_AFR,CMR,Cameroon,15/04/2019,2019,16,14/04/2019,2019,16,NOTDEFINED,17.0,17.0,13.0,,0.0,0.0,,0.0,,,,13.0,,,0.0,,0.0,0.0,0.0,13.0,,1.0,,,,,,,1.0,,,,,CM,201916,201916
EUR,NH,NH,FLU_WST_ASIA,ISR,Israel,29/12/2008,2009,1,28/12/2008,2009,1,NOTDEFINED,35.0,,,4.0,,,,,,,,4.0,,,,,,2.0,2.0,6.0,,3.0,,,,,,,,,RSV A and B,,,IL,200901,200901
WPR,NH,NH,FLU_EST_ASIA,MNG,Mongolia,7/02/2022,2022,6,6/02/2022,2022,6,NOTDEFINED,132.0,132.0,0.0,0.0,1.0,0.0,0.0,0.0,,0.0,0,1.0,,,0.0,,0.0,0.0,0.0,1.0,,,4.0,1.0,10.0,0.0,3.0,9.0,19.0,,,,,MN,202206,202206
AMR,YR,NH,FLU_CNT_AMC,MTQ,Martinique,2/02/2009,2009,6,1/02/2009,2009,6,NOTDEFINED,5.0,5.0,0.0,0.0,3.0,0.0,,0.0,,0.0,,3.0,,,0.0,,0.0,0.0,0.0,3.0,,1.0,,,,,,,,,,,,MQ,200906,200906
WPR,YR,NH,FLU_SE_ASIA,MYS,Malaysia,30/12/2013,2014,1,29/12/2013,2014,1,NOTDEFINED,14.0,14.0,0.0,0.0,1.0,0.0,,0.0,,0.0,,1.0,,,0.0,,0.0,0.0,0.0,1.0,,1.0,,,,,,,,,"4 HRSV, 1 HMPV",,,MY,201401,201401
AFR,YR,NH,FLU_WST_AFR,NGA,Nigeria,2/12/2019,2019,49,1/12/2019,2019,49,NOTDEFINED,28.0,28.0,0.0,,0.0,0.0,0.0,0.0,,0.0,,0.0,,,0.0,,0.0,0.0,0.0,,28.0,3.0,0.0,0.0,,0.0,0.0,0.0,0.0,0.0,,,,NG,201949,201949
EUR,NH,NH,FLU_SW_EUR,PRT,Portugal,19/02/2024,2024,8,18/02/2024,2024,8,SENTINEL,9.0,,0.0,,0.0,0.0,,0.0,,,,0.0,,,0.0,,0.0,0.0,0.0,,,,,,,,,,0.0,,,,,PT,202408,202408
EUR,NH,NH,FLU_EST_EUR,XKX,Kosovo (in accordance with UN Security Council resolution 1244 (1999)),9/01/2023,2023,2,8/01/2023,2023,2,NONSENTINEL,0.0,,,,,,,,,,,0.0,,,,,,,0.0,,,,,,,,,,,,,,,XK,202302,202302
AMR,YR,NH,FLU_CNT_AMC,CYM,Cayman Islands,13/02/2023,2023,7,12/02/2023,2023,7,SENTINEL,0.0,,0.0,0.0,0.0,,,0.0,0.0,,,0.0,0.0,0.0,0.0,0.0,0.0,0.0,0.0,,0.0,,0.0,0.0,0.0,0.0,0.0,0.0,0.0,0.0,,,,KY,202307,202307
EUR,NH,NH,FLU_NTH_EUR,FIN,Finland,17/12/2001,2001,51,16/12/2001,2001,51,NOTDEFINED,,,,0.0,0.0,,,1.0,,,,1.0,,,,,,0.0,0.0,1.0,,3.0,,,,,,,,,,,sporadic A,FI,200151,200151
AFR,YR,SH,FLU_EST_AFR,MDG,Madagascar,4/10/2021,2021,40,3/10/2021,2021,40,SENTINEL,38.0,38.0,0.0,,0.0,0.0,0.0,0.0,,0.0,,,,,9.0,,0.0,0.0,9.0,9.0,29.0,4.0,,,,,,,,0.0,,,,MG,202140,202140
EUR,NH,NH,FLU_EST_EUR,ROU,Romania,2/11/2015,2015,45,1/11/2015,2015,44,SENTINEL,3.0,,0.0,0.0,0.0,,,0.0,,,,0.0,,,0.0,,0.0,0.0,0.0,,,,,,,,,,0.0,,,,,RO,201545,201544
AFR,NH,NH,FLU_NRT_AFR,DZA,Algeria,29/11/2021,2021,48,28/11/2021,2021,48,NOTDEFINED,39.0,39.0,0.0,,9.0,0.0,0.0,0.0,0.0,0.0,,9.0,,,0.0,,0.0,0.0,0.0,9.0,30.0,,,,,,,,,0.0,,,,DZ,202148,202148
WPR,YR,NH,FLU_SE_ASIA,KHM,Cambodia,15/06/2015,2015,25,14/06/2015,2015,24,NOTDEFINED,27.0,27.0,1.0,0.0,7.0,0.0,,0.0,,0.0,,8.0,,,0.0,,0.0,0.0,0.0,8.0,,5.0,,,,,,,,,,,,KH,201525,201524
SEAR,YR,NH,FLU_SE_ASIA,MMR,Myanmar,13/03/2023,2023,11,12/03/2023,2023,11,SENTINEL,0.0,0.0,0.0,,0.0,0.0,0.0,0.0,,0.0,,,,,0.0,,0.0,0.0,0.0,,0.0,3.0,,,,,,,,,,,,MM,202311,202311
EUR,NH,NH,FLU_CNT_ASIA,TKM,Turkmenistan,8/05/2023,2023,19,7/05/2023,2023,19,NONSENTINEL,223.0,,,,,,,,,,,,,,,,,,,,,,,,,,,,,,,,,TM,202319,202319
EUR,NH,NH,FLU_CNT_ASIA,UZB,Uzbekistan,13/02/2017,2017,7,12/02/2017,2017,7,SENTINEL,3.0,,0.0,0.0,0.0,,,0.0,,,,0.0,,,0.0,,0.0,0.0,0.0,,,,,,,,,,0.0,,,,,UZ,201707,201707
EUR,NH,NH,FLU_SW_EUR,ALB,Albania,24/04/2023,2023,17,23/04/2023,2023,17,NONSENTINEL,65.0,,,,,,,,,,,0.0,,,,,,,0.0,,,,,,,,,,,,,,,AL,202317,202317
